format	fm-lint-telemetry-v1
git_head	bd3b73425da29c0db82a4fd0e5c3b042f42b480e
content_cksum	175849013-5360
shellcheck_version	0.11.0
analysis_mode	full
partition	4of4
jobs	1
root_count	113
direct_lines	79888
direct_bytes	3829151
source_directives	205
source_boundary_directives	24
source_followed_directives	181
source_target_count	57
shard_1_weight_bytes	1914562
shard_2_weight_bytes	1914589
wall_seconds	404
worker_wall_sum_seconds	404.29
max_worker_wall_seconds	237.27
user_seconds	386.27
system_seconds	18.84
max_worker_rss_kib	7181160
worker_rss_sum_kib	13420140
shellcheck_processes_start	0
shellcheck_processes_end	0
load_average_start	0.50/0.42/0.18
load_average_end	1.05/0.89/0.50
aggregate_cpu_percent_start	75.40
aggregate_cpu_percent_end	2.20
result_exit	0
